,TypeVendeur,année,codepostal,cote_affinée,email,kilometrage,lien,modele,prix_neuf,prix_vente,telephone,type
0,particulier,2017,"Elisabethville 78410
                ",14899,pascal.le-neel@renault.com,20000,https://www.leboncoin.fr/voitures/1321487407.htm?ca=12_s,Zoe,23900,15900,A prendre plus tard,NA
1,Pro Véhicules,2015,"Dourdan 91410
                ",11744,NA,15254,https://www.leboncoin.fr/voitures/1317781865.htm?ca=12_s,Zoe,24600,10990,A prendre plus tard,intens
2,Pro Véhicules,2014,"Saint-Ouen-l'Aumône 95310
                ",11248,NA,28537,https://www.leboncoin.fr/voitures/1321415628.htm?ca=12_s,Zoe,22600,7900,A prendre plus tard,life
3,Pro Véhicules,2013,"Dourdan 91410
                ",9015,NA,8751,https://www.leboncoin.fr/voitures/1317567777.htm?ca=12_s,Zoe,22600,8990,A prendre plus tard,life
4,particulier,2014,"Paris 75013
                ",11201,NA,29000,https://www.leboncoin.fr/voitures/1321142626.htm?ca=12_s,Zoe,22600,9700,A prendre plus tard,life
5,particulier,2017," 91190
                ",13198,NA,4000,https://www.leboncoin.fr/voitures/1320868333.htm?ca=12_s,Zoe,24600,16800,A prendre plus tard,intens
6,Pro Véhicules,2017,"Boissise-le-Roi 77310
                ",15139,NA,240,https://www.leboncoin.fr/voitures/1321153817.htm?ca=12_s,Zoe,22600,13990,A prendre plus tard,life
7,Pro Véhicules,2015,"Paris 75008
                ",9831,NA,7248,https://www.leboncoin.fr/voitures/1174505539.htm?ca=12_s,Zoe,22600,10690,A prendre plus tard,life
8,Pro Véhicules,2015,"Versailles 78000
                ",9781,NA,11480,https://www.leboncoin.fr/voitures/1320775407.htm?ca=12_s,Zoe,22600,10300,A prendre plus tard,life
9,particulier,2016,"Sannois 95110
                ",11475,NA,5700,https://www.leboncoin.fr/voitures/1320263745.htm?ca=12_s,Zoe,22600,8900,A prendre plus tard,life
10,Pro Véhicules,2014,"Villemomble 93250
                ",8574,NA,34121,https://www.leboncoin.fr/voitures/1164673130.htm?ca=12_s,Zoe,24600,10790,A prendre plus tard,intens
11,Pro Véhicules,2015,"Meaux 77100
                ",11899,NA,9474,https://www.leboncoin.fr/voitures/1180066051.htm?ca=12_s,Zoe,24600,10980,A prendre plus tard,intens
12,Pro Véhicules,2014,"Vitry-sur-Seine 94400
                ",11954,NA,10207,https://www.leboncoin.fr/voitures/1179117509.htm?ca=12_s,Zoe,22600,10290,A prendre plus tard,life
13,Pro Véhicules,2016,"Meaux 77100
                ",11401,NA,9087,https://www.leboncoin.fr/voitures/1170785025.htm?ca=12_s,Zoe,22600,10480,A prendre plus tard,life
14,Pro Véhicules,2016,"Villemomble 93250
                ",11503,NA,2000,https://www.leboncoin.fr/voitures/1308004507.htm?ca=12_s,Zoe,22600,10890,A prendre plus tard,life
15,Pro Véhicules,2013,"Livry-Gargan 93190
                ",9302,NA,17900,https://www.leboncoin.fr/voitures/1309357022.htm?ca=12_s,Zoe,24600,9490,A prendre plus tard,intens
16,Pro Véhicules,2014,"Montreuil 93100
                ",10224,NA,24147,https://www.leboncoin.fr/voitures/1320776484.htm?ca=12_s,Zoe,23900,10100,A prendre plus tard,zen
17,particulier,2013,"Chessy 77700
                ",8708,NA,27500,https://www.leboncoin.fr/voitures/1320322876.htm?ca=12_s,Zoe,22600,7800,A prendre plus tard,life
18,Pro Véhicules,2015,"Beauchamp 95250
                ",11402,NA,21120,https://www.leboncoin.fr/voitures/1320744395.htm?ca=12_s,Zoe,24600,10880,A prendre plus tard,intens
19,particulier,2013,"Créteil 94000
                ",9175,NA,24000,https://www.leboncoin.fr/voitures/1158191032.htm?ca=12_s,Zoe,24600,10300,A prendre plus tard,intens
20,particulier,2013,"Chelles 77500
                ",8482,NA,39500,https://www.leboncoin.fr/voitures/1319311125.htm?ca=12_s,Zoe,24600,8900,A prendre plus tard,intens
21,Pro Véhicules,2015,"Mantes-la-Ville 78711
                ",9832,NA,7079,https://www.leboncoin.fr/voitures/1318776746.htm?ca=12_s,Zoe,22600,10890,A prendre plus tard,life
22,Pro Véhicules,2013,"Versailles 78000
                ",9588,NA,23660,https://www.leboncoin.fr/voitures/1136394640.htm?ca=12_s,Zoe,23900,9200,A prendre plus tard,zen
23,particulier,2013,"Feucherolles 78810
                ",9268,NA,19900,https://www.leboncoin.fr/voitures/1318756823.htm?ca=12_s,Zoe,24600,9100,A prendre plus tard,intens
24,particulier,2014,"Paris 75012
                ",8211,NA,49000,https://www.leboncoin.fr/voitures/1318148431.htm?ca=12_s,Zoe,24600,8990,A prendre plus tard,intens
25,Pro Véhicules,2014,"Gagny 93220
                ",10637,NA,2700,https://www.leboncoin.fr/voitures/1318017388.htm?ca=12_s,Zoe,23900,10490,A prendre plus tard,NA
26,Pro Véhicules,2014,"Paris 75012
                ",11975,NA,7039,https://www.leboncoin.fr/voitures/1182442290.htm?ca=12_s,Zoe,22600,9500,A prendre plus tard,life
27,Pro Véhicules,2014,"Paris 75012
                ",11448,NA,25257,https://www.leboncoin.fr/voitures/1149393841.htm?ca=12_s,Zoe,22600,8980,A prendre plus tard,life
28,Pro Véhicules,2013,"Paris 75012
                ",8985,NA,13484,https://www.leboncoin.fr/voitures/1147612430.htm?ca=12_s,Zoe,22600,8500,A prendre plus tard,life
29,Pro Véhicules,2013,"Boulogne-Billancourt 92100
                ",8840,NA,32671,https://www.leboncoin.fr/voitures/1178596428.htm?ca=12_s,Zoe,24600,9800,A prendre plus tard,intens
30,particulier,2013,"Paris 75010
                ",8504,NA,47000,https://www.leboncoin.fr/voitures/1317211698.htm?ca=12_s,Zoe,23900,8300,A prendre plus tard,zen
31,Pro Véhicules,2017,"Trappes 78190
                ",15141,NA,6500,https://www.leboncoin.fr/voitures/1133616734.htm?ca=12_s,Zoe,23900,18500,A prendre plus tard,zen
32,particulier,2013,"Sevran 93270
                ",8984,NA,29500,https://www.leboncoin.fr/voitures/1185131587.htm?ca=12_s,Zoe,24600,7950,A prendre plus tard,intens
33,Pro Véhicules,2013,"Orgeval 78630
                ",9297,NA,31250,https://www.leboncoin.fr/voitures/1155689660.htm?ca=12_s,Zoe,23900,8480,A prendre plus tard,zen
34,Pro Véhicules,2013,"Chelles 77500
                ",8549,NA,31451,https://www.leboncoin.fr/voitures/1109874759.htm?ca=12_s,Zoe,22600,7990,A prendre plus tard,life
35,Pro Véhicules,2013,"Fontenay-le-Vicomte 91540
                ",7518,NA,70896,https://www.leboncoin.fr/voitures/1314954351.htm?ca=12_s,Zoe,22600,6790,A prendre plus tard,life
36,particulier,2010,"Fontenay-sous-Bois 94120
                ",7108,NA,45000,https://www.leboncoin.fr/voitures/1314550590.htm?ca=12_s,Fluence,23900,9900,A prendre plus tard,NA
37,Pro Véhicules,2016,"Mantes-la-Ville 78711
                ",11460,NA,6667,https://www.leboncoin.fr/voitures/1314085781.htm?ca=12_s,Zoe,22600,10890,A prendre plus tard,life
38,Pro Véhicules,2017,"Paris 75015
                ",15399,NA,500,https://www.leboncoin.fr/voitures/1153901361.htm?ca=12_s,Zoe,23900,16390,A prendre plus tard,zen
39,particulier,2013,"Aulnay-sur-Mauldre 78126
                ",8285,NA,55300,https://www.leboncoin.fr/voitures/1313301922.htm?ca=12_s,Zoe,23900,8000,A prendre plus tard,zen
40,Pro Véhicules,2015,"Melun 77000
                ",9568,NA,17940,https://www.leboncoin.fr/voitures/1153494165.htm?ca=12_s,Zoe,22600,9900,A prendre plus tard,life
41,Pro Véhicules,2015,"Paris 75008
                ",10408,NA,3100,https://www.leboncoin.fr/voitures/1174505037.htm?ca=12_s,Zoe,23900,11590,A prendre plus tard,zen
42,Pro Véhicules,2015,"Paris 75008
                ",10743,NA,40095,https://www.leboncoin.fr/voitures/1174505458.htm?ca=12_s,Zoe,24600,10700,A prendre plus tard,intens
43,Pro Véhicules,2013,"Paris 75008
                ",8154,NA,81404,https://www.leboncoin.fr/voitures/1174505342.htm?ca=12_s,Zoe,23900,8700,A prendre plus tard,zen
44,particulier,2015,"Pussay 91740
                ",10320,NA,11900,https://www.leboncoin.fr/voitures/1312154281.htm?ca=12_s,Zoe,23900,9000,A prendre plus tard,NA
45,Pro Véhicules,2014,"Paris 75008
                ",9283,NA,18815,https://www.leboncoin.fr/voitures/1311654426.htm?ca=12_s,Zoe,24600,10900,A prendre plus tard,intens
46,Pro Véhicules,2015,"Courbevoie 92400
                ",11891,NA,10014,https://www.leboncoin.fr/voitures/1311655583.htm?ca=12_s,Zoe,24600,11500,A prendre plus tard,intens
47,Pro Véhicules,2017,"Brie-Comte-Robert 77170
                ",13249,NA,1,https://www.leboncoin.fr/voitures/1311654762.htm?ca=12_s,Zoe,24600,17790,A prendre plus tard,intens
48,Pro Véhicules,2014,"Paris 75008
                ",10614,NA,8184,https://www.leboncoin.fr/voitures/1311654168.htm?ca=12_s,Zoe,23900,10990,A prendre plus tard,zen
49,Pro Véhicules,2017,"Brie-Comte-Robert 77170
                ",13249,NA,1,https://www.leboncoin.fr/voitures/1311654674.htm?ca=12_s,Zoe,24600,17790,A prendre plus tard,intens
50,Pro Véhicules,2017,"Brie-Comte-Robert 77170
                ",13249,NA,1,https://www.leboncoin.fr/voitures/1311654806.htm?ca=12_s,Zoe,24600,17490,A prendre plus tard,intens
51,Pro Véhicules,2017,"Brie-Comte-Robert 77170
                ",13249,NA,1,https://www.leboncoin.fr/voitures/1311654839.htm?ca=12_s,Zoe,24600,17790,A prendre plus tard,intens
52,Pro Véhicules,2017,"Brie-Comte-Robert 77170
                ",13249,NA,1,https://www.leboncoin.fr/voitures/1311654664.htm?ca=12_s,Zoe,24600,17790,A prendre plus tard,intens
53,Pro Véhicules,2017,"Brie-Comte-Robert 77170
                ",13249,NA,1,https://www.leboncoin.fr/voitures/1311654684.htm?ca=12_s,Zoe,24600,17790,A prendre plus tard,intens
54,Pro Véhicules,2017,"Brie-Comte-Robert 77170
                ",13249,NA,1,https://www.leboncoin.fr/voitures/1311654659.htm?ca=12_s,Zoe,24600,17490,A prendre plus tard,intens
55,Pro Véhicules,2017,"Brie-Comte-Robert 77170
                ",13249,NA,1,https://www.leboncoin.fr/voitures/1311654697.htm?ca=12_s,Zoe,24600,17790,A prendre plus tard,intens
56,Pro Véhicules,2017,"Brie-Comte-Robert 77170
                ",13249,NA,1,https://www.leboncoin.fr/voitures/1311654725.htm?ca=12_s,Zoe,24600,17790,A prendre plus tard,intens
57,Pro Véhicules,2013,"Courbevoie 92400
                ",9688,NA,19186,https://www.leboncoin.fr/voitures/1311655973.htm?ca=12_s,Zoe,23900,8790,A prendre plus tard,zen
58,Pro Véhicules,2017,"Brie-Comte-Robert 77170
                ",13249,NA,1,https://www.leboncoin.fr/voitures/1311654795.htm?ca=12_s,Zoe,24600,17790,A prendre plus tard,intens
59,Pro Véhicules,2017,"Brie-Comte-Robert 77170
                ",13249,NA,1,https://www.leboncoin.fr/voitures/1311654735.htm?ca=12_s,Zoe,24600,17790,A prendre plus tard,intens
60,Pro Véhicules,2017,"Brie-Comte-Robert 77170
                ",13249,NA,1,https://www.leboncoin.fr/voitures/1311654831.htm?ca=12_s,Zoe,24600,17790,A prendre plus tard,intens
61,Pro Véhicules,2015,"Pantin 93500
                ",11491,NA,19756,https://www.leboncoin.fr/voitures/1311182741.htm?ca=12_s,Zoe,24600,11990,A prendre plus tard,intens
62,Pro Véhicules,2016,"Versailles 78000
                ",14317,NA,100,https://www.leboncoin.fr/voitures/1128769092.htm?ca=12_s,Zoe,23900,13900,A prendre plus tard,zen
63,particulier,2015,"Orsay 91400
                ",11476,NA,20000,https://www.leboncoin.fr/voitures/1309416440.htm?ca=12_s,Zoe,24600,10450,A prendre plus tard,intens
64,Pro Véhicules,2013,"Nanterre 92000
                ",8426,NA,49299,https://www.leboncoin.fr/voitures/1310686854.htm?ca=12_s,Zoe,23900,9980,A prendre plus tard,zen
65,Pro Véhicules,2014,"Courbevoie 92400
                ",11991,NA,2759,https://www.leboncoin.fr/voitures/1128769008.htm?ca=12_s,Zoe,22600,9490,A prendre plus tard,life
66,Pro Véhicules,2016,"Montreuil 93100
                ",12676,NA,6130,https://www.leboncoin.fr/voitures/1049170770.htm?ca=12_s,Zoe,24600,12990,A prendre plus tard,intens
67,Pro Véhicules,2016,"Versailles 78000
                ",14317,NA,100,https://www.leboncoin.fr/voitures/1128769061.htm?ca=12_s,Zoe,23900,13900,A prendre plus tard,zen
68,particulier,2017,"Arpajon 91290
                ",15071,NA,7400,https://www.leboncoin.fr/voitures/1310153601.htm?ca=12_s,Zoe,23900,16800,A prendre plus tard,zen
69,Pro Véhicules,2014,"Nanterre 92000
                ",10891,NA,33853,https://www.leboncoin.fr/voitures/1309668385.htm?ca=12_s,Zoe,22600,9980,A prendre plus tard,life
70,Pro Véhicules,2016,"Paris 75015
                ",14317,NA,100,https://www.leboncoin.fr/voitures/1170361076.htm?ca=12_s,Zoe,23900,10390,A prendre plus tard,zen
71,Pro Véhicules,2016,"Paris 75015
                ",14317,NA,100,https://www.leboncoin.fr/voitures/1170361118.htm?ca=12_s,Zoe,23900,11690,A prendre plus tard,zen
72,Pro Véhicules,2016,"Paris 75015
                ",14317,NA,100,https://www.leboncoin.fr/voitures/1170361094.htm?ca=12_s,Zoe,23900,11390,A prendre plus tard,zen
73,Pro Véhicules,2014,"Versailles 78000
                ",11302,NA,27582,https://www.leboncoin.fr/voitures/1136394587.htm?ca=12_s,Zoe,22600,9600,A prendre plus tard,life
74,Pro Véhicules,2014,"Courbevoie 92400
                ",9347,NA,15888,https://www.leboncoin.fr/voitures/1148864542.htm?ca=12_s,Zoe,24600,10990,A prendre plus tard,intens
75,particulier,2017,"Périgny 94520
                ",14899,NA,17800,https://www.leboncoin.fr/voitures/1306769563.htm?ca=12_s,Zoe,23900,15000,A prendre plus tard,NA
76,Pro Véhicules,2015,"Paris 75012
                ",9493,NA,19438,https://www.leboncoin.fr/voitures/1147612495.htm?ca=12_s,Zoe,22600,9500,A prendre plus tard,life
77,Pro Véhicules,2013,"Courbevoie 92400
                ",9015,NA,8800,https://www.leboncoin.fr/voitures/1101078242.htm?ca=12_s,Zoe,22600,9490,A prendre plus tard,life
78,Pro Véhicules,2016,"Paris 75015
                ",14317,NA,100,https://www.leboncoin.fr/voitures/1167828367.htm?ca=12_s,Zoe,23900,11690,A prendre plus tard,zen
79,Pro Véhicules,2014,"Les Ulis 91940
                ",11016,NA,31872,https://www.leboncoin.fr/voitures/1171143468.htm?ca=12_s,Zoe,22600,9600,A prendre plus tard,life
80,Pro Véhicules,2013,"Versailles 78000
                ",8170,NA,70102,https://www.leboncoin.fr/voitures/1303806454.htm?ca=12_s,Zoe,23900,9000,A prendre plus tard,zen
81,Pro Véhicules,2014,"Montreuil 93100
                ",11041,NA,31425,https://www.leboncoin.fr/voitures/1178596024.htm?ca=12_s,Zoe,22600,9100,A prendre plus tard,life
82,Pro Véhicules,2014,"Versailles 78000
                ",10998,NA,32203,https://www.leboncoin.fr/voitures/1303298657.htm?ca=12_s,Zoe,22600,9600,A prendre plus tard,life
83,Pro Véhicules,2014,"Le Perreux-sur-Marne 94170
                ",10542,NA,14497,https://www.leboncoin.fr/voitures/1166590040.htm?ca=12_s,Zoe,23900,10990,A prendre plus tard,NA
84,Pro Véhicules,2014,"Versailles 78000
                ",10391,NA,20359,https://www.leboncoin.fr/voitures/1303298374.htm?ca=12_s,Zoe,23900,10400,A prendre plus tard,zen
85,Pro Véhicules,2016,"Chilly-Mazarin 91380
                ",14278,NA,5975,https://www.leboncoin.fr/voitures/1166018156.htm?ca=12_s,Zoe,23900,11990,A prendre plus tard,zen
86,Pro Véhicules,2016,"Fresnes 94260
                ",14278,NA,5975,https://www.leboncoin.fr/voitures/1166018166.htm?ca=12_s,Zoe,23900,11990,A prendre plus tard,zen
87,Pro Véhicules,2014,"Fresnes 94260
                ",11908,NA,12658,https://www.leboncoin.fr/voitures/1187231493.htm?ca=12_s,Zoe,22600,9490,A prendre plus tard,life
88,Pro Véhicules,2014,"Chilly-Mazarin 91380
                ",11908,NA,12658,https://www.leboncoin.fr/voitures/1187231658.htm?ca=12_s,Zoe,22600,9490,A prendre plus tard,life
89,Pro Véhicules,2016,"Paris 75008
                ",12561,NA,10000,https://www.leboncoin.fr/voitures/1120100372.htm?ca=12_s,Zoe,24600,14000,A prendre plus tard,intens
90,Pro Véhicules,2015,"Paris 75008
                ",11701,NA,16134,https://www.leboncoin.fr/voitures/1164288784.htm?ca=12_s,Zoe,24600,11500,A prendre plus tard,intens
91,Pro Véhicules,2014,"Chelles 77500
                ",9534,NA,36385,https://www.leboncoin.fr/voitures/1164238082.htm?ca=12_s,Zoe,23900,10100,A prendre plus tard,zen
92,Pro Véhicules,2016,"Paris 75015
                ",14317,NA,100,https://www.leboncoin.fr/voitures/1186775046.htm?ca=12_s,Zoe,23900,11390,A prendre plus tard,zen
93,Pro Véhicules,2014,"Paris 75012
                ",11666,NA,21264,https://www.leboncoin.fr/voitures/1154896368.htm?ca=12_s,Zoe,22600,8980,A prendre plus tard,life
94,Pro Véhicules,2014,"Boulogne-Billancourt 92100
                ",11660,NA,21430,https://www.leboncoin.fr/voitures/1186340864.htm?ca=12_s,Zoe,22600,10300,A prendre plus tard,life
95,Pro Véhicules,2015,"Boulogne-Billancourt 92100
                ",10041,NA,19157,https://www.leboncoin.fr/voitures/1186340768.htm?ca=12_s,Zoe,23900,11700,A prendre plus tard,zen
96,Pro Véhicules,2014,"Chelles 77500
                ",11240,NA,28664,https://www.leboncoin.fr/voitures/1163364537.htm?ca=12_s,Zoe,22600,10600,A prendre plus tard,life
97,particulier,2015,"Paris 75116
                ",11940,NA,6000,https://www.leboncoin.fr/voitures/1184849743.htm?ca=12_s,Zoe,24600,10990,A prendre plus tard,intens
98,Pro Véhicules,2017,"Brie-Comte-Robert 77170
                ",15400,NA,1,https://www.leboncoin.fr/voitures/1183788805.htm?ca=12_s,Zoe,23900,16480,A prendre plus tard,zen
99,Pro Véhicules,2014,"Pantin 93500
                ",9131,NA,23276,https://www.leboncoin.fr/voitures/1183337869.htm?ca=12_s,Zoe,24600,10590,A prendre plus tard,intens
100,particulier,2015,"Saint-Soupplets 77165
                ",9340,NA,65000,https://www.leboncoin.fr/voitures/1183091992.htm?ca=12_s,Zoe,23900,10500,A prendre plus tard,NA
101,Pro Véhicules,2014,"Noisiel 77186
                ",9926,NA,29306,https://www.leboncoin.fr/voitures/1182420995.htm?ca=12_s,Zoe,23900,10900,A prendre plus tard,zen
102,Pro Véhicules,2016,"Pantin 93500
                ",14271,NA,6400,https://www.leboncoin.fr/voitures/1182361545.htm?ca=12_s,Zoe,23900,12999,A prendre plus tard,zen
103,Pro Véhicules,2016,"Paris 75015
                ",14317,NA,100,https://www.leboncoin.fr/voitures/1138649404.htm?ca=12_s,Zoe,23900,11690,A prendre plus tard,zen
104,Pro Véhicules,2014,"Persan 95340
                ",10396,NA,20205,https://www.leboncoin.fr/voitures/1180933261.htm?ca=12_s,Zoe,23900,10490,A prendre plus tard,zen
105,Pro Véhicules,2016,"Chelles 77500
                ",11505,NA,1410,https://www.leboncoin.fr/voitures/1089980725.htm?ca=12_s,Zoe,22600,13990,A prendre plus tard,life
106,Pro Véhicules,2016,"Paris 75008
                ",12227,NA,15000,https://www.leboncoin.fr/voitures/1159162168.htm?ca=12_s,Zoe,24600,14100,A prendre plus tard,intens
107,particulier,2016,"Aubignan 84810
                ",14531,NA,7609,https://www.leboncoin.fr/voitures/1320914417.htm?ca=21_s,Zoe,23900,14000,A prendre plus tard,zen
108,Pro Véhicules,2016,"Nice 06200
                ",12862,NA,9000,https://www.leboncoin.fr/voitures/1321281277.htm?ca=21_s,Zoe,24600,12900,A prendre plus tard,intens
109,Pro Véhicules,2016,"Orange 84100
                ",11681,NA,7456,https://www.leboncoin.fr/voitures/1320869772.htm?ca=21_s,Zoe,22600,10900,A prendre plus tard,life
110,Pro Véhicules,2013,"Manosque 04100
                ",9541,NA,13976,https://www.leboncoin.fr/voitures/1314423304.htm?ca=21_s,Zoe,24600,8990,A prendre plus tard,intens
111,Pro Véhicules,2015,"Manosque 04100
                ",9720,NA,18768,https://www.leboncoin.fr/voitures/1311159943.htm?ca=21_s,Zoe,22600,9990,A prendre plus tard,life
112,Pro Véhicules,2014,"Hyères 83400
                ",8899,NA,31200,https://www.leboncoin.fr/voitures/1320604132.htm?ca=21_s,Zoe,24600,9990,A prendre plus tard,intens
113,Pro Véhicules,2016,"Marignane 13700
                ",11662,NA,8184,https://www.leboncoin.fr/voitures/1167475798.htm?ca=21_s,Zoe,22600,11390,A prendre plus tard,life
114,Pro Véhicules,2014,"Aix-en-Provence 13100
                ",11361,NA,30219,https://www.leboncoin.fr/voitures/1320784888.htm?ca=21_s,Zoe,22600,9490,A prendre plus tard,life
115,Pro Véhicules,2016,"Marignane 13700
                ",12740,NA,11457,https://www.leboncoin.fr/voitures/1320814059.htm?ca=21_s,Zoe,24600,10690,A prendre plus tard,intens
116,Pro Véhicules,2013,"Roquebrune-sur-Argens 83520
                ",8559,NA,41370,https://www.leboncoin.fr/voitures/1187360909.htm?ca=21_s,Zoe,24600,8290,A prendre plus tard,intens
117,Pro Véhicules,2014,"Grasse 06130
                ",12135,NA,13906,https://www.leboncoin.fr/voitures/1320772955.htm?ca=21_s,Zoe,22600,9390,A prendre plus tard,life
118,Pro Véhicules,2015,"Salon-de-Provence 13300
                ",10957,NA,41642,https://www.leboncoin.fr/voitures/1319149752.htm?ca=21_s,Zoe,24600,9990,A prendre plus tard,intens
119,Pro Véhicules,2015,"Antibes 06600
                ",9906,NA,14351,https://www.leboncoin.fr/voitures/1319117065.htm?ca=21_s,Zoe,22600,10490,A prendre plus tard,life
120,Pro Véhicules,2013,"Aubagne 13400
                ",8800,NA,36812,https://www.leboncoin.fr/voitures/1179528453.htm?ca=21_s,Zoe,24600,9990,A prendre plus tard,intens
121,Pro Véhicules,2014,"Salon-de-Provence 13300
                ",9437,NA,47822,https://www.leboncoin.fr/voitures/1179546119.htm?ca=21_s,Zoe,23900,8990,A prendre plus tard,zen
122,Pro Véhicules,2014,"Antibes 06600
                ",8640,NA,36556,https://www.leboncoin.fr/voitures/1303279002.htm?ca=21_s,Zoe,24600,8990,A prendre plus tard,intens
123,Pro Véhicules,2014,"Antibes 06600
                ",11723,NA,24890,https://www.leboncoin.fr/voitures/1303278931.htm?ca=21_s,Zoe,22600,8880,A prendre plus tard,life
124,Pro Véhicules,2014,"Antibes 06600
                ",8883,NA,31456,https://www.leboncoin.fr/voitures/1303278889.htm?ca=21_s,Zoe,24600,9590,A prendre plus tard,intens
125,Pro Véhicules,2015,"Marseille 13008
                ",12165,NA,8109,https://www.leboncoin.fr/voitures/1179055416.htm?ca=21_s,Zoe,24600,11990,A prendre plus tard,intens
126,Pro Véhicules,2015,"Marseille 13011
                ",10593,NA,7868,https://www.leboncoin.fr/voitures/1179055349.htm?ca=21_s,Zoe,23900,11700,A prendre plus tard,zen
127,Pro Véhicules,2015,"Mougins 06250
                ",11930,NA,16468,https://www.leboncoin.fr/voitures/1163821025.htm?ca=21_s,Zoe,24600,10490,A prendre plus tard,intens
128,Pro Véhicules,2015,"Fréjus 83600
                ",12012,NA,14546,https://www.leboncoin.fr/voitures/1316814811.htm?ca=21_s,Zoe,24600,11700,A prendre plus tard,intens
129,Pro Véhicules,2014,"Nice 06200
                ",9575,bmgroupautos06@gmail.com,14000,https://www.leboncoin.fr/voitures/1188756843.htm?ca=21_s,Zoe,24600,9690,A prendre plus tard,intens
130,Pro Véhicules,2015,"La Valette-du-Var 83160
                ",10335,NA,17558,https://www.leboncoin.fr/voitures/1311183506.htm?ca=21_s,Zoe,23900,11700,A prendre plus tard,zen
131,Pro Véhicules,2016,"Arles 13200
                ",11620,NA,9446,https://www.leboncoin.fr/voitures/1304254184.htm?ca=21_s,Zoe,22600,9490,A prendre plus tard,life
132,Pro Véhicules,2016,"Mougins 06250
                ",12576,NA,13731,https://www.leboncoin.fr/voitures/1314911794.htm?ca=21_s,Zoe,24600,12790,A prendre plus tard,intens
133,Pro Véhicules,2016,"Draguignan 83300
                ",11723,85brendan.trousselard.draguignan@reseau.renault.fr,4500,https://www.leboncoin.fr/voitures/1114298790.htm?ca=21_s,Zoe,22600,12900,A prendre plus tard,life
134,Pro Véhicules,2015,"Bouc-Bel-Air 13320
                ",11119,NA,30000,https://www.leboncoin.fr/voitures/1182662516.htm?ca=21_s,Zoe,24600,10000,A prendre plus tard,intens
135,Pro Véhicules,2015,"Fréjus 83600
                ",10544,NA,11480,https://www.leboncoin.fr/voitures/1170613824.htm?ca=21_s,Zoe,23900,11700,A prendre plus tard,zen
136,particulier,2016,"Briançon 05100
                ",12869,NA,8800,https://www.leboncoin.fr/voitures/1313087345.htm?ca=21_s,Zoe,24600,10900,A prendre plus tard,intens
137,Pro Véhicules,2014,"Fréjus 83600
                ",10915,NA,37413,https://www.leboncoin.fr/voitures/1309316334.htm?ca=21_s,Zoe,22600,9800,A prendre plus tard,life
138,Pro Véhicules,2014,"Vedène 84270
                ",10479,NA,23286,https://www.leboncoin.fr/voitures/1139971351.htm?ca=21_s,Zoe,23900,9290,A prendre plus tard,zen
139,Pro Véhicules,2013,"Valréas 84600
                ",7718,NA,60990,https://www.leboncoin.fr/voitures/1308275895.htm?ca=21_s,Zoe,22600,8900,A prendre plus tard,life
140,Pro Véhicules,2014,"Draguignan 83300
                ",9049,85brendan.trousselard.draguignan@reseau.renault.fr,28600,https://www.leboncoin.fr/voitures/1166151086.htm?ca=21_s,Zoe,24600,9900,A prendre plus tard,intens
141,Pro Véhicules,2014,"Marseille 13008
                ",9621,NA,9222,https://www.leboncoin.fr/voitures/1183787738.htm?ca=21_s,Zoe,24600,11490,A prendre plus tard,intens
142,Pro Véhicules,2013,"Fontenay-le-Vicomte 91540
                ",7674,NA,70896,https://www.leboncoin.fr/voitures/1314954351.htm?ca=12_s,Zoe,22600,6790,A prendre plus tard,life
143,particulier,2010,"Fontenay-sous-Bois 94120
                ",7254,NA,45000,https://www.leboncoin.fr/voitures/1314550590.htm?ca=12_s,Fluence,23900,9900,A prendre plus tard,NA
144,Pro Véhicules,2016,"Mantes-la-Ville 78711
                ",11697,NA,6667,https://www.leboncoin.fr/voitures/1314085781.htm?ca=12_s,Zoe,22600,10890,A prendre plus tard,life
145,Pro Véhicules,2017,"Paris 75015
                ",15703,NA,500,https://www.leboncoin.fr/voitures/1153901361.htm?ca=12_s,Zoe,23900,16390,A prendre plus tard,zen
146,particulier,2013,"Aulnay-sur-Mauldre 78126
                ",8456,NA,55300,https://www.leboncoin.fr/voitures/1313301922.htm?ca=12_s,Zoe,23900,8000,A prendre plus tard,zen
147,Pro Véhicules,2015,"Melun 77000
                ",9766,NA,17940,https://www.leboncoin.fr/voitures/1153494165.htm?ca=12_s,Zoe,22600,9900,A prendre plus tard,life
148,Pro Véhicules,2015,"Paris 75008
                ",10624,NA,3100,https://www.leboncoin.fr/voitures/1174505037.htm?ca=12_s,Zoe,23900,11590,A prendre plus tard,zen
149,Pro Véhicules,2015,"Paris 75008
                ",10963,NA,40095,https://www.leboncoin.fr/voitures/1174505458.htm?ca=12_s,Zoe,24600,10700,A prendre plus tard,intens
150,Pro Véhicules,2013,"Paris 75008
                ",8323,NA,81404,https://www.leboncoin.fr/voitures/1174505342.htm?ca=12_s,Zoe,23900,8700,A prendre plus tard,zen
151,particulier,2015,"Pussay 91740
                ",10534,NA,11900,https://www.leboncoin.fr/voitures/1312154281.htm?ca=12_s,Zoe,23900,9000,A prendre plus tard,NA
152,Pro Véhicules,2014,"Paris 75008
                ",9475,NA,18815,https://www.leboncoin.fr/voitures/1311654426.htm?ca=12_s,Zoe,24600,10900,A prendre plus tard,intens
153,Pro Véhicules,2015,"Courbevoie 92400
                ",12139,NA,10014,https://www.leboncoin.fr/voitures/1311655583.htm?ca=12_s,Zoe,24600,11500,A prendre plus tard,intens
154,Pro Véhicules,2017,"Brie-Comte-Robert 77170
                ",13521,NA,1,https://www.leboncoin.fr/voitures/1311654762.htm?ca=12_s,Zoe,24600,17790,A prendre plus tard,intens
155,Pro Véhicules,2014,"Paris 75008
                ",10832,NA,8184,https://www.leboncoin.fr/voitures/1311654168.htm?ca=12_s,Zoe,23900,10990,A prendre plus tard,zen
156,Pro Véhicules,2017,"Brie-Comte-Robert 77170
                ",13521,NA,1,https://www.leboncoin.fr/voitures/1311654674.htm?ca=12_s,Zoe,24600,17790,A prendre plus tard,intens
157,Pro Véhicules,2017,"Brie-Comte-Robert 77170
                ",13521,NA,1,https://www.leboncoin.fr/voitures/1311654806.htm?ca=12_s,Zoe,24600,17490,A prendre plus tard,intens
158,Pro Véhicules,2017,"Brie-Comte-Robert 77170
                ",13521,NA,1,https://www.leboncoin.fr/voitures/1311654839.htm?ca=12_s,Zoe,24600,17790,A prendre plus tard,intens
159,Pro Véhicules,2017,"Brie-Comte-Robert 77170
                ",13521,NA,1,https://www.leboncoin.fr/voitures/1311654664.htm?ca=12_s,Zoe,24600,17790,A prendre plus tard,intens
160,Pro Véhicules,2017,"Brie-Comte-Robert 77170
                ",13521,NA,1,https://www.leboncoin.fr/voitures/1311654684.htm?ca=12_s,Zoe,24600,17790,A prendre plus tard,intens
161,Pro Véhicules,2017,"Brie-Comte-Robert 77170
                ",13521,NA,1,https://www.leboncoin.fr/voitures/1311654659.htm?ca=12_s,Zoe,24600,17490,A prendre plus tard,intens
162,Pro Véhicules,2017,"Brie-Comte-Robert 77170
                ",13521,NA,1,https://www.leboncoin.fr/voitures/1311654697.htm?ca=12_s,Zoe,24600,17790,A prendre plus tard,intens
163,Pro Véhicules,2017,"Brie-Comte-Robert 77170
                ",13521,NA,1,https://www.leboncoin.fr/voitures/1311654725.htm?ca=12_s,Zoe,24600,17790,A prendre plus tard,intens
164,Pro Véhicules,2013,"Courbevoie 92400
                ",9888,NA,19186,https://www.leboncoin.fr/voitures/1311655973.htm?ca=12_s,Zoe,23900,8790,A prendre plus tard,zen
165,Pro Véhicules,2017,"Brie-Comte-Robert 77170
                ",13521,NA,1,https://www.leboncoin.fr/voitures/1311654795.htm?ca=12_s,Zoe,24600,17790,A prendre plus tard,intens
166,Pro Véhicules,2017,"Brie-Comte-Robert 77170
                ",13521,NA,1,https://www.leboncoin.fr/voitures/1311654735.htm?ca=12_s,Zoe,24600,17790,A prendre plus tard,intens
167,Pro Véhicules,2017,"Brie-Comte-Robert 77170
                ",13521,NA,1,https://www.leboncoin.fr/voitures/1311654831.htm?ca=12_s,Zoe,24600,17790,A prendre plus tard,intens
168,Pro Véhicules,2015,"Pantin 93500
                ",11731,NA,19756,https://www.leboncoin.fr/voitures/1311182741.htm?ca=12_s,Zoe,24600,11990,A prendre plus tard,intens
169,Pro Véhicules,2016,"Versailles 78000
                ",14620,NA,100,https://www.leboncoin.fr/voitures/1128769092.htm?ca=12_s,Zoe,23900,13900,A prendre plus tard,zen
170,particulier,2015,"Orsay 91400
                ",11715,NA,20000,https://www.leboncoin.fr/voitures/1309416440.htm?ca=12_s,Zoe,24600,10450,A prendre plus tard,intens
171,Pro Véhicules,2013,"Nanterre 92000
                ",8597,NA,49299,https://www.leboncoin.fr/voitures/1310686854.htm?ca=12_s,Zoe,23900,9980,A prendre plus tard,zen
172,Pro Véhicules,2014,"Courbevoie 92400
                ",12237,NA,2759,https://www.leboncoin.fr/voitures/1128769008.htm?ca=12_s,Zoe,22600,9490,A prendre plus tard,life
173,Pro Véhicules,2016,"Montreuil 93100
                ",12938,NA,6130,https://www.leboncoin.fr/voitures/1049170770.htm?ca=12_s,Zoe,24600,12990,A prendre plus tard,intens
174,Pro Véhicules,2016,"Versailles 78000
                ",14620,NA,100,https://www.leboncoin.fr/voitures/1128769061.htm?ca=12_s,Zoe,23900,13900,A prendre plus tard,zen
175,particulier,2017,"Arpajon 91290
                ",15370,NA,7400,https://www.leboncoin.fr/voitures/1310153601.htm?ca=12_s,Zoe,23900,16800,A prendre plus tard,zen
176,Pro Véhicules,2014,"Nanterre 92000
                ",11117,NA,33853,https://www.leboncoin.fr/voitures/1309668385.htm?ca=12_s,Zoe,22600,9980,A prendre plus tard,life
177,Pro Véhicules,2016,"Paris 75015
                ",14620,NA,100,https://www.leboncoin.fr/voitures/1170361076.htm?ca=12_s,Zoe,23900,10390,A prendre plus tard,zen
178,Pro Véhicules,2016,"Paris 75015
                ",14620,NA,100,https://www.leboncoin.fr/voitures/1170361118.htm?ca=12_s,Zoe,23900,11690,A prendre plus tard,zen
179,Pro Véhicules,2016,"Paris 75015
                ",14620,NA,100,https://www.leboncoin.fr/voitures/1170361094.htm?ca=12_s,Zoe,23900,11390,A prendre plus tard,zen
180,Pro Véhicules,2014,"Versailles 78000
                ",11536,NA,27582,https://www.leboncoin.fr/voitures/1136394587.htm?ca=12_s,Zoe,22600,9600,A prendre plus tard,life
181,Pro Véhicules,2014,"Courbevoie 92400
                ",9540,NA,15888,https://www.leboncoin.fr/voitures/1148864542.htm?ca=12_s,Zoe,24600,10990,A prendre plus tard,intens
182,particulier,2017,"Périgny 94520
                ",15212,NA,17800,https://www.leboncoin.fr/voitures/1306769563.htm?ca=12_s,Zoe,23900,15000,A prendre plus tard,NA
183,Pro Véhicules,2015,"Paris 75012
                ",9689,NA,19438,https://www.leboncoin.fr/voitures/1147612495.htm?ca=12_s,Zoe,22600,9500,A prendre plus tard,life
184,Pro Véhicules,2013,"Courbevoie 92400
                ",9200,NA,8800,https://www.leboncoin.fr/voitures/1101078242.htm?ca=12_s,Zoe,22600,9490,A prendre plus tard,life
185,Pro Véhicules,2016,"Paris 75015
                ",14620,NA,100,https://www.leboncoin.fr/voitures/1167828367.htm?ca=12_s,Zoe,23900,11690,A prendre plus tard,zen
186,Pro Véhicules,2014,"Les Ulis 91940
                ",11245,NA,31872,https://www.leboncoin.fr/voitures/1171143468.htm?ca=12_s,Zoe,22600,9600,A prendre plus tard,life
187,Pro Véhicules,2013,"Versailles 78000
                ",8339,NA,70102,https://www.leboncoin.fr/voitures/1303806454.htm?ca=12_s,Zoe,23900,9000,A prendre plus tard,zen
188,Pro Véhicules,2014,"Montreuil 93100
                ",11271,NA,31425,https://www.leboncoin.fr/voitures/1178596024.htm?ca=12_s,Zoe,22600,9100,A prendre plus tard,life
189,Pro Véhicules,2014,"Versailles 78000
                ",11206,NA,32203,https://www.leboncoin.fr/voitures/1303298657.htm?ca=12_s,Zoe,22600,9600,A prendre plus tard,life
190,Pro Véhicules,2014,"Le Perreux-sur-Marne 94170
                ",10758,NA,14497,https://www.leboncoin.fr/voitures/1166590040.htm?ca=12_s,Zoe,23900,10990,A prendre plus tard,NA
191,Pro Véhicules,2014,"Versailles 78000
                ",10604,NA,20359,https://www.leboncoin.fr/voitures/1303298374.htm?ca=12_s,Zoe,23900,10400,A prendre plus tard,zen
192,Pro Véhicules,2016,"Chilly-Mazarin 91380
                ",14563,NA,5975,https://www.leboncoin.fr/voitures/1166018156.htm?ca=12_s,Zoe,23900,11990,A prendre plus tard,zen
193,Pro Véhicules,2016,"Fresnes 94260
                ",14563,NA,5975,https://www.leboncoin.fr/voitures/1166018166.htm?ca=12_s,Zoe,23900,11990,A prendre plus tard,zen
194,Pro Véhicules,2014,"Fresnes 94260
                ",12152,NA,12658,https://www.leboncoin.fr/voitures/1187231493.htm?ca=12_s,Zoe,22600,9490,A prendre plus tard,life
195,Pro Véhicules,2014,"Chilly-Mazarin 91380
                ",12152,NA,12658,https://www.leboncoin.fr/voitures/1187231658.htm?ca=12_s,Zoe,22600,9490,A prendre plus tard,life
196,Pro Véhicules,2016,"Paris 75008
                ",12818,NA,10000,https://www.leboncoin.fr/voitures/1120100372.htm?ca=12_s,Zoe,24600,14000,A prendre plus tard,intens
197,Pro Véhicules,2015,"Paris 75008
                ",11946,NA,16134,https://www.leboncoin.fr/voitures/1164288784.htm?ca=12_s,Zoe,24600,11500,A prendre plus tard,intens
198,Pro Véhicules,2014,"Chelles 77500
                ",9727,NA,36385,https://www.leboncoin.fr/voitures/1164238082.htm?ca=12_s,Zoe,23900,10100,A prendre plus tard,zen
199,Pro Véhicules,2016,"Paris 75015
                ",14620,NA,100,https://www.leboncoin.fr/voitures/1186775046.htm?ca=12_s,Zoe,23900,11390,A prendre plus tard,zen
200,Pro Véhicules,2014,"Paris 75012
                ",11906,NA,21264,https://www.leboncoin.fr/voitures/1154896368.htm?ca=12_s,Zoe,22600,8980,A prendre plus tard,life
201,Pro Véhicules,2014,"Boulogne-Billancourt 92100
                ",11900,NA,21430,https://www.leboncoin.fr/voitures/1186340864.htm?ca=12_s,Zoe,22600,10300,A prendre plus tard,life
202,Pro Véhicules,2015,"Boulogne-Billancourt 92100
                ",10249,NA,19157,https://www.leboncoin.fr/voitures/1186340768.htm?ca=12_s,Zoe,23900,11700,A prendre plus tard,zen
203,Pro Véhicules,2014,"Chelles 77500
                ",11473,NA,28664,https://www.leboncoin.fr/voitures/1163364537.htm?ca=12_s,Zoe,22600,10600,A prendre plus tard,life
204,particulier,2015,"Paris 75116
                ",12184,NA,6000,https://www.leboncoin.fr/voitures/1184849743.htm?ca=12_s,Zoe,24600,10990,A prendre plus tard,intens
205,Pro Véhicules,2017,"Brie-Comte-Robert 77170
                ",15704,NA,1,https://www.leboncoin.fr/voitures/1183788805.htm?ca=12_s,Zoe,23900,16480,A prendre plus tard,zen
206,Pro Véhicules,2014,"Pantin 93500
                ",9319,NA,23276,https://www.leboncoin.fr/voitures/1183337869.htm?ca=12_s,Zoe,24600,10590,A prendre plus tard,intens
207,particulier,2015,"Saint-Soupplets 77165
                ",9533,NA,65000,https://www.leboncoin.fr/voitures/1183091992.htm?ca=12_s,Zoe,23900,10500,A prendre plus tard,NA
208,Pro Véhicules,2014,"Noisiel 77186
                ",10130,NA,29306,https://www.leboncoin.fr/voitures/1182420995.htm?ca=12_s,Zoe,23900,10900,A prendre plus tard,zen
209,Pro Véhicules,2016,"Pantin 93500
                ",14556,NA,6400,https://www.leboncoin.fr/voitures/1182361545.htm?ca=12_s,Zoe,23900,12999,A prendre plus tard,zen
210,Pro Véhicules,2016,"Paris 75015
                ",14620,NA,100,https://www.leboncoin.fr/voitures/1138649404.htm?ca=12_s,Zoe,23900,11690,A prendre plus tard,zen
211,Pro Véhicules,2014,"Persan 95340
                ",10610,NA,20205,https://www.leboncoin.fr/voitures/1180933261.htm?ca=12_s,Zoe,23900,10490,A prendre plus tard,zen
212,Pro Véhicules,2016,"Chelles 77500
                ",11741,NA,1410,https://www.leboncoin.fr/voitures/1089980725.htm?ca=12_s,Zoe,22600,13990,A prendre plus tard,life
213,Pro Véhicules,2016,"Paris 75008
                ",12477,NA,15000,https://www.leboncoin.fr/voitures/1159162168.htm?ca=12_s,Zoe,24600,14100,A prendre plus tard,intens
214,Pro Véhicules,2014,"Arles 13200
                ",11680,NA,25333,https://www.leboncoin.fr/voitures/1307026601.htm?ca=21_s,Zoe,22600,9490,A prendre plus tard,life
215,Pro Véhicules,2016,"Vitrolles 13127
                ",11669,NA,7911,https://www.leboncoin.fr/voitures/1306026512.htm?ca=21_s,Zoe,22600,10990,A prendre plus tard,life
216,Pro Véhicules,2015,"Carpentras 84200
                ",10057,NA,820,https://www.leboncoin.fr/voitures/1167913928.htm?ca=21_s,Zoe,22600,10700,A prendre plus tard,life
217,Pro Véhicules,2015,"Cannes 06400
                ",11946,NA,16133,https://www.leboncoin.fr/voitures/1303278974.htm?ca=21_s,Zoe,24600,11590,A prendre plus tard,intens
218,Pro Véhicules,2014,"Cannes 06400
                ",10265,NA,27158,https://www.leboncoin.fr/voitures/1303279043.htm?ca=21_s,Zoe,23900,9390,A prendre plus tard,zen
219,Pro Véhicules,2014,"La Seyne-sur-Mer 83500
                ",9404,NA,51657,https://www.leboncoin.fr/voitures/1165215533.htm?ca=21_s,Zoe,23900,8900,A prendre plus tard,zen
220,Pro Véhicules,2016,"Vitrolles 13127
                ",11669,NA,7911,https://www.leboncoin.fr/voitures/1186627191.htm?ca=21_s,Zoe,22600,10990,A prendre plus tard,life
221,Pro Véhicules,2013,"Aubagne 13400
                ",8926,NA,41535,https://www.leboncoin.fr/voitures/1179055312.htm?ca=21_s,Zoe,23900,7500,A prendre plus tard,zen
222,Pro Véhicules,2016,"Vitrolles 13127
                ",11712,NA,5500,https://www.leboncoin.fr/voitures/1183135194.htm?ca=21_s,Zoe,22600,11999,A prendre plus tard,life
223,particulier,2013,"Ventabren 13122
                ",7978,NA,76000,https://www.leboncoin.fr/voitures/1183108008.htm?ca=21_s,Zoe,24600,7500,A prendre plus tard,intens
224,Pro Véhicules,2013,"Salon-de-Provence 13300
                ",8427,NA,57314,https://www.leboncoin.fr/voitures/1182375223.htm?ca=21_s,Zoe,23900,7900,A prendre plus tard,zen
225,particulier,2016,"La Teste-de-Buch 33260
                ",14156,NA,15000,https://www.leboncoin.fr/voitures/1322038429.htm?ca=2_s,Zoe,23900,10000,A prendre plus tard,NA
226,Pro Véhicules,2016,"Dax 40100
                ",11695,NA,9746,https://www.leboncoin.fr/voitures/1321806610.htm?ca=2_s,Zoe,22600,11490,A prendre plus tard,life
227,particulier,2016,"Saint-Lon-les-Mines 40300
                ",11087,NA,21200,https://www.leboncoin.fr/voitures/1321378824.htm?ca=2_s,Zoe,22600,9200,A prendre plus tard,life
228,Pro Véhicules,2014,"Bias 47300
                ",10957,NA,38049,https://www.leboncoin.fr/voitures/1310926298.htm?ca=2_s,Zoe,22600,8990,A prendre plus tard,life
229,particulier,2014,"Gujan-Mestras 33470
                ",10718,NA,46800,https://www.leboncoin.fr/voitures/1320208443.htm?ca=2_s,Zoe,22600,7800,A prendre plus tard,life
230,Pro Véhicules,2014,"Lormont 33310
                ",10647,NA,65387,https://www.leboncoin.fr/voitures/1319650908.htm?ca=2_s,Zoe,22600,7490,A prendre plus tard,life
231,Pro Véhicules,2015,"Bruges 33520
                ",9859,NA,17500,https://www.leboncoin.fr/voitures/1136832633.htm?ca=2_s,Zoe,22600,9450,A prendre plus tard,life
232,Pro Véhicules,2014,"Larressore 64480
                ",10315,sarl.garage.etchegaray@orange.frXavier,27545,https://www.leboncoin.fr/voitures/1319313458.htm?ca=2_s,Zoe,23900,9990,A prendre plus tard,zen
233,particulier,2016,"Bordeaux 33100
                ",11635,NA,11000,https://www.leboncoin.fr/voitures/1319270536.htm?ca=2_s,Zoe,22600,9300,A prendre plus tard,life
234,Pro Véhicules,2015,"Bruges 33520
                ",10411,NA,17527,https://www.leboncoin.fr/voitures/1113250491.htm?ca=2_s,Zoe,23900,9990,A prendre plus tard,zen
235,Pro Véhicules,2015,"Bruges 33520
                ",9871,NA,17076,https://www.leboncoin.fr/voitures/1319136873.htm?ca=2_s,Zoe,22600,9950,A prendre plus tard,life
236,Pro Véhicules,2015,"Libourne 33500
                ",12221,NA,10132,https://www.leboncoin.fr/voitures/1318651695.htm?ca=2_s,Zoe,24600,12000,A prendre plus tard,intens
237,Pro Véhicules,2014,"Bergerac 24100
                ",9823,NA,35858,https://www.leboncoin.fr/voitures/1155661889.htm?ca=2_s,Zoe,23900,10100,A prendre plus tard,zen
238,Pro Véhicules,2014,"Lormont 33310
                ",10723,NA,46385,https://www.leboncoin.fr/voitures/1318170597.htm?ca=2_s,Zoe,22600,8990,A prendre plus tard,life
239,particulier,2014,"Commensacq 40210
                ",10705,NA,48000,https://www.leboncoin.fr/voitures/1317638828.htm?ca=2_s,Zoe,22600,9500,A prendre plus tard,life
240,Pro Véhicules,2014,"Bruges 33520
                ",10811,NA,42351,https://www.leboncoin.fr/voitures/1149708823.htm?ca=2_s,Zoe,22600,7950,A prendre plus tard,life
241,Pro Véhicules,2013,"Bergerac 24100
                ",9181,NA,38077,https://www.leboncoin.fr/voitures/1317104890.htm?ca=2_s,Zoe,23900,9500,A prendre plus tard,zen
242,particulier,2013,"Pessac 33600
                ",8670,NA,49000,https://www.leboncoin.fr/voitures/1315861486.htm?ca=2_s,Zoe,23900,8000,A prendre plus tard,zen
243,Pro Véhicules,2016,"Marmande 47200
                ",11109,NA,20300,https://www.leboncoin.fr/voitures/1314787398.htm?ca=2_s,Zoe,22600,10995,A prendre plus tard,life
244,Pro Véhicules,2015,"Mérignac 33700
                ",10681,NA,6600,https://www.leboncoin.fr/voitures/1314477373.htm?ca=2_s,Zoe,23900,10990,A prendre plus tard,zen
245,Pro Véhicules,2014,"Hasparren 64240
                ",10664,Trancoso0675008314marchands@baskoto.comNouveau,55000,https://www.leboncoin.fr/voitures/1311303721.htm?ca=2_s,Zoe,22600,9490,A prendre plus tard,life
246,Pro Véhicules,2015,"Pessac 33600
                ",9087,NA,48957,https://www.leboncoin.fr/voitures/1182357463.htm?ca=2_s,Zoe,22600,9290,A prendre plus tard,life
247,Pro Véhicules,2016,"Bruges 33520
                ",11819,NA,3000,https://www.leboncoin.fr/voitures/1079144403.htm?ca=2_s,Zoe,22600,13300,A prendre plus tard,life
248,Pro Véhicules,2016,"Lormont 33310
                ",11809,NA,4619,https://www.leboncoin.fr/voitures/1307057599.htm?ca=2_s,Zoe,22600,11990,A prendre plus tard,life
249,Pro Véhicules,2014,"Lormont 33310
                ",10826,NA,15143,https://www.leboncoin.fr/voitures/1307058054.htm?ca=2_s,Zoe,23900,8990,A prendre plus tard,zen
250,Pro Véhicules,2014,"Lormont 33310
                ",11855,NA,24088,https://www.leboncoin.fr/voitures/1307057894.htm?ca=2_s,Zoe,22600,8690,A prendre plus tard,life
251,Pro Véhicules,2014,"Lormont 33310
                ",11162,NA,34301,https://www.leboncoin.fr/voitures/1307057802.htm?ca=2_s,Zoe,22600,8490,A prendre plus tard,life
252,Pro Véhicules,2014,"Lormont 33310
                ",12268,NA,10690,https://www.leboncoin.fr/voitures/1307058176.htm?ca=2_s,Zoe,22600,8990,A prendre plus tard,life
253,Pro Véhicules,2014,"Lormont 33310
                ",8673,NA,37441,https://www.leboncoin.fr/voitures/1307057547.htm?ca=2_s,Zoe,24600,9490,A prendre plus tard,intens
254,Pro Véhicules,2016,"Lormont 33310
                ",11760,NA,7701,https://www.leboncoin.fr/voitures/1307058227.htm?ca=2_s,Zoe,22600,10500,A prendre plus tard,life
255,Pro Véhicules,2015,"Bruges 33520
                ",12017,NA,16370,https://www.leboncoin.fr/voitures/1307057860.htm?ca=2_s,Zoe,24600,9950,A prendre plus tard,intens
256,Pro Véhicules,2014,"Lormont 33310
                ",10905,NA,9094,https://www.leboncoin.fr/voitures/1307058016.htm?ca=2_s,Zoe,23900,8990,A prendre plus tard,zen
257,particulier,2017," 40390
                ",15395,NA,9000,https://www.leboncoin.fr/voitures/1164190494.htm?ca=2_s,Zoe,23900,15000,A prendre plus tard,NA
258,particulier,2013," 24430
                ",9237,NA,29500,https://www.leboncoin.fr/voitures/1305473373.htm?ca=2_s,Zoe,24600,8500,A prendre plus tard,intens
259,Pro Véhicules,2014,"Dax 40100
                ",8515,NA,42836,https://www.leboncoin.fr/voitures/1189408281.htm?ca=2_s,Zoe,24600,10590,A prendre plus tard,intens
260,Pro Véhicules,2013,"Fontenay-le-Vicomte 91540
                ",7729,NA,70896,https://www.leboncoin.fr/voitures/1314954351.htm?ca=12_s,Zoe,22600,6790,A prendre plus tard,life
261,particulier,2010,"Fontenay-sous-Bois 94120
                ",7307,NA,45000,https://www.leboncoin.fr/voitures/1314550590.htm?ca=12_s,Fluence,23900,9900,A prendre plus tard,NA
262,Pro Véhicules,2016,"Mantes-la-Ville 78711
                ",11782,NA,6667,https://www.leboncoin.fr/voitures/1314085781.htm?ca=12_s,Zoe,22600,10890,A prendre plus tard,life
263,Pro Véhicules,2017,"Paris 75015
                ",15818,NA,500,https://www.leboncoin.fr/voitures/1153901361.htm?ca=12_s,Zoe,23900,16390,A prendre plus tard,zen
264,particulier,2013,"Aulnay-sur-Mauldre 78126
                ",8519,NA,55300,https://www.leboncoin.fr/voitures/1313301922.htm?ca=12_s,Zoe,23900,8000,A prendre plus tard,zen
265,Pro Véhicules,2015,"Melun 77000
                ",9835,NA,17940,https://www.leboncoin.fr/voitures/1153494165.htm?ca=12_s,Zoe,22600,9900,A prendre plus tard,life
266,Pro Véhicules,2015,"Paris 75008
                ",10700,NA,3100,https://www.leboncoin.fr/voitures/1174505037.htm?ca=12_s,Zoe,23900,11590,A prendre plus tard,zen
267,Pro Véhicules,2015,"Paris 75008
                ",11044,NA,40095,https://www.leboncoin.fr/voitures/1174505458.htm?ca=12_s,Zoe,24600,10700,A prendre plus tard,intens
268,Pro Véhicules,2013,"Paris 75008
                ",8382,NA,81404,https://www.leboncoin.fr/voitures/1174505342.htm?ca=12_s,Zoe,23900,8700,A prendre plus tard,zen
269,particulier,2015,"Pussay 91740
                ",10610,NA,11900,https://www.leboncoin.fr/voitures/1312154281.htm?ca=12_s,Zoe,23900,9000,A prendre plus tard,NA
270,Pro Véhicules,2014,"Paris 75008
                ",9542,NA,18815,https://www.leboncoin.fr/voitures/1311654426.htm?ca=12_s,Zoe,24600,10900,A prendre plus tard,intens
271,Pro Véhicules,2015,"Courbevoie 92400
                ",12223,NA,10014,https://www.leboncoin.fr/voitures/1311655583.htm?ca=12_s,Zoe,24600,11500,A prendre plus tard,intens
272,Pro Véhicules,2017,"Brie-Comte-Robert 77170
                ",13620,NA,1,https://www.leboncoin.fr/voitures/1311654762.htm?ca=12_s,Zoe,24600,17790,A prendre plus tard,intens
273,Pro Véhicules,2014,"Paris 75008
                ",10911,NA,8184,https://www.leboncoin.fr/voitures/1311654168.htm?ca=12_s,Zoe,23900,10990,A prendre plus tard,zen
274,Pro Véhicules,2017,"Brie-Comte-Robert 77170
                ",13620,NA,1,https://www.leboncoin.fr/voitures/1311654674.htm?ca=12_s,Zoe,24600,17790,A prendre plus tard,intens
275,Pro Véhicules,2017,"Brie-Comte-Robert 77170
                ",13620,NA,1,https://www.leboncoin.fr/voitures/1311654806.htm?ca=12_s,Zoe,24600,17490,A prendre plus tard,intens
276,Pro Véhicules,2017,"Brie-Comte-Robert 77170
                ",13620,NA,1,https://www.leboncoin.fr/voitures/1311654839.htm?ca=12_s,Zoe,24600,17790,A prendre plus tard,intens
277,Pro Véhicules,2017,"Brie-Comte-Robert 77170
                ",13620,NA,1,https://www.leboncoin.fr/voitures/1311654664.htm?ca=12_s,Zoe,24600,17790,A prendre plus tard,intens
278,Pro Véhicules,2017,"Brie-Comte-Robert 77170
                ",13620,NA,1,https://www.leboncoin.fr/voitures/1311654684.htm?ca=12_s,Zoe,24600,17790,A prendre plus tard,intens
279,Pro Véhicules,2017,"Brie-Comte-Robert 77170
                ",13620,NA,1,https://www.leboncoin.fr/voitures/1311654659.htm?ca=12_s,Zoe,24600,17490,A prendre plus tard,intens
280,Pro Véhicules,2017,"Brie-Comte-Robert 77170
                ",13620,NA,1,https://www.leboncoin.fr/voitures/1311654697.htm?ca=12_s,Zoe,24600,17790,A prendre plus tard,intens
281,Pro Véhicules,2017,"Brie-Comte-Robert 77170
                ",13620,NA,1,https://www.leboncoin.fr/voitures/1311654725.htm?ca=12_s,Zoe,24600,17790,A prendre plus tard,intens
282,Pro Véhicules,2013,"Courbevoie 92400
                ",9961,NA,19186,https://www.leboncoin.fr/voitures/1311655973.htm?ca=12_s,Zoe,23900,8790,A prendre plus tard,zen
283,Pro Véhicules,2017,"Brie-Comte-Robert 77170
                ",13620,NA,1,https://www.leboncoin.fr/voitures/1311654795.htm?ca=12_s,Zoe,24600,17790,A prendre plus tard,intens
284,Pro Véhicules,2017,"Brie-Comte-Robert 77170
                ",13620,NA,1,https://www.leboncoin.fr/voitures/1311654735.htm?ca=12_s,Zoe,24600,17790,A prendre plus tard,intens
285,Pro Véhicules,2017,"Brie-Comte-Robert 77170
                ",13620,NA,1,https://www.leboncoin.fr/voitures/1311654831.htm?ca=12_s,Zoe,24600,17790,A prendre plus tard,intens
286,Pro Véhicules,2015,"Pantin 93500
                ",11818,NA,19756,https://www.leboncoin.fr/voitures/1311182741.htm?ca=12_s,Zoe,24600,11990,A prendre plus tard,intens
287,Pro Véhicules,2016,"Versailles 78000
                ",14729,NA,100,https://www.leboncoin.fr/voitures/1128769092.htm?ca=12_s,Zoe,23900,13900,A prendre plus tard,zen
288,particulier,2015,"Orsay 91400
                ",11797,NA,20000,https://www.leboncoin.fr/voitures/1309416440.htm?ca=12_s,Zoe,24600,10450,A prendre plus tard,intens
289,Pro Véhicules,2013,"Nanterre 92000
                ",8661,NA,49299,https://www.leboncoin.fr/voitures/1310686854.htm?ca=12_s,Zoe,23900,9980,A prendre plus tard,zen
290,Pro Véhicules,2014,"Courbevoie 92400
                ",10271,NA,2759,https://www.leboncoin.fr/voitures/1128769008.htm?ca=12_s,Zoe,22600,9490,A prendre plus tard,life
291,Pro Véhicules,2016,"Montreuil 93100
                ",13032,NA,6130,https://www.leboncoin.fr/voitures/1049170770.htm?ca=12_s,Zoe,24600,12990,A prendre plus tard,intens
292,Pro Véhicules,2016,"Versailles 78000
                ",12479,NA,100,https://www.leboncoin.fr/voitures/1128769061.htm?ca=12_s,Zoe,23900,13900,A prendre plus tard,zen
293,particulier,2017,"Arpajon 91290
                ",15483,NA,7400,https://www.leboncoin.fr/voitures/1310153601.htm?ca=12_s,Zoe,23900,16800,A prendre plus tard,zen
294,Pro Véhicules,2014,"Nanterre 92000
                ",11185,NA,33853,https://www.leboncoin.fr/voitures/1309668385.htm?ca=12_s,Zoe,22600,9980,A prendre plus tard,life
295,Pro Véhicules,2016,"Paris 75015
                ",12479,NA,100,https://www.leboncoin.fr/voitures/1170361076.htm?ca=12_s,Zoe,23900,10390,A prendre plus tard,zen
296,Pro Véhicules,2016,"Paris 75015
                ",14729,NA,100,https://www.leboncoin.fr/voitures/1170361118.htm?ca=12_s,Zoe,23900,11690,A prendre plus tard,zen
297,Pro Véhicules,2016,"Paris 75015
                ",12479,NA,100,https://www.leboncoin.fr/voitures/1170361094.htm?ca=12_s,Zoe,23900,11390,A prendre plus tard,zen
298,Pro Véhicules,2014,"Versailles 78000
                ",11626,NA,27582,https://www.leboncoin.fr/voitures/1136394587.htm?ca=12_s,Zoe,22600,9600,A prendre plus tard,life
299,Pro Véhicules,2014,"Courbevoie 92400
                ",10678,NA,15888,https://www.leboncoin.fr/voitures/1148864542.htm?ca=12_s,Zoe,24600,10990,A prendre plus tard,intens
300,particulier,2017,"Périgny 94520
                ",15324,NA,17800,https://www.leboncoin.fr/voitures/1306769563.htm?ca=12_s,Zoe,23900,15000,A prendre plus tard,NA
301,Pro Véhicules,2015,"Paris 75012
                ",9758,NA,19438,https://www.leboncoin.fr/voitures/1147612495.htm?ca=12_s,Zoe,22600,9500,A prendre plus tard,life
302,Pro Véhicules,2013,"Courbevoie 92400
                ",9457,NA,8800,https://www.leboncoin.fr/voitures/1101078242.htm?ca=12_s,Zoe,22600,9490,A prendre plus tard,life
303,Pro Véhicules,2016,"Paris 75015
                ",12479,NA,100,https://www.leboncoin.fr/voitures/1167828367.htm?ca=12_s,Zoe,23900,11690,A prendre plus tard,zen
304,Pro Véhicules,2014,"Les Ulis 91940
                ",9433,NA,31872,https://www.leboncoin.fr/voitures/1171143468.htm?ca=12_s,Zoe,22600,9600,A prendre plus tard,life
305,Pro Véhicules,2013,"Versailles 78000
                ",8155,NA,70102,https://www.leboncoin.fr/voitures/1303806454.htm?ca=12_s,Zoe,23900,9000,A prendre plus tard,zen
306,Pro Véhicules,2014,"Montreuil 93100
                ",9459,NA,31425,https://www.leboncoin.fr/voitures/1178596024.htm?ca=12_s,Zoe,22600,9100,A prendre plus tard,life
307,Pro Véhicules,2014,"Versailles 78000
                ",11295,NA,32203,https://www.leboncoin.fr/voitures/1303298657.htm?ca=12_s,Zoe,22600,9600,A prendre plus tard,life
308,Pro Véhicules,2014,"Le Perreux-sur-Marne 94170
                ",10838,NA,14497,https://www.leboncoin.fr/voitures/1166590040.htm?ca=12_s,Zoe,23900,10990,A prendre plus tard,NA
309,Pro Véhicules,2014,"Versailles 78000
                ",10682,NA,20359,https://www.leboncoin.fr/voitures/1303298374.htm?ca=12_s,Zoe,23900,10400,A prendre plus tard,zen
310,Pro Véhicules,2016,"Chilly-Mazarin 91380
                ",12439,NA,5975,https://www.leboncoin.fr/voitures/1166018156.htm?ca=12_s,Zoe,23900,11990,A prendre plus tard,zen
311,Pro Véhicules,2016,"Fresnes 94260
                ",12439,NA,5975,https://www.leboncoin.fr/voitures/1166018166.htm?ca=12_s,Zoe,23900,11990,A prendre plus tard,zen
312,Pro Véhicules,2014,"Fresnes 94260
                ",12246,NA,12658,https://www.leboncoin.fr/voitures/1187231493.htm?ca=12_s,Zoe,22600,9490,A prendre plus tard,life
313,Pro Véhicules,2014,"Chilly-Mazarin 91380
                ",10206,NA,12658,https://www.leboncoin.fr/voitures/1187231658.htm?ca=12_s,Zoe,22600,9490,A prendre plus tard,life
314,Pro Véhicules,2016,"Paris 75008
                ",12537,NA,10000,https://www.leboncoin.fr/voitures/1120100372.htm?ca=12_s,Zoe,24600,14000,A prendre plus tard,intens
315,Pro Véhicules,2015,"Paris 75008
                ",11459,NA,16134,https://www.leboncoin.fr/voitures/1164288784.htm?ca=12_s,Zoe,24600,11500,A prendre plus tard,intens
316,Pro Véhicules,2014,"Chelles 77500
                ",9799,NA,36385,https://www.leboncoin.fr/voitures/1164238082.htm?ca=12_s,Zoe,23900,10100,A prendre plus tard,zen
317,Pro Véhicules,2016,"Paris 75015
                ",12479,NA,100,https://www.leboncoin.fr/voitures/1186775046.htm?ca=12_s,Zoe,23900,11390,A prendre plus tard,zen
318,Pro Véhicules,2014,"Paris 75012
                ",9999,NA,21264,https://www.leboncoin.fr/voitures/1154896368.htm?ca=12_s,Zoe,22600,8980,A prendre plus tard,life
319,Pro Véhicules,2014,"Boulogne-Billancourt 92100
                ",11992,NA,21430,https://www.leboncoin.fr/voitures/1186340864.htm?ca=12_s,Zoe,22600,10300,A prendre plus tard,life
320,Pro Véhicules,2015,"Boulogne-Billancourt 92100
                ",10323,NA,19157,https://www.leboncoin.fr/voitures/1186340768.htm?ca=12_s,Zoe,23900,11700,A prendre plus tard,zen
321,Pro Véhicules,2014,"Chelles 77500
                ",9622,NA,28664,https://www.leboncoin.fr/voitures/1163364537.htm?ca=12_s,Zoe,22600,10600,A prendre plus tard,life
322,particulier,2015,"Paris 75116
                ",12273,NA,6000,https://www.leboncoin.fr/voitures/1184849743.htm?ca=12_s,Zoe,24600,10990,A prendre plus tard,intens
323,Pro Véhicules,2017,"Brie-Comte-Robert 77170
                ",13525,NA,1,https://www.leboncoin.fr/voitures/1183788805.htm?ca=12_s,Zoe,23900,16480,A prendre plus tard,zen
324,Pro Véhicules,2014,"Pantin 93500
                ",9385,NA,23276,https://www.leboncoin.fr/voitures/1183337869.htm?ca=12_s,Zoe,24600,10590,A prendre plus tard,intens
325,particulier,2015,"Saint-Soupplets 77165
                ",10322,NA,65000,https://www.leboncoin.fr/voitures/1183091992.htm?ca=12_s,Zoe,23900,10500,A prendre plus tard,NA
326,Pro Véhicules,2014,"Noisiel 77186
                ",10205,NA,29306,https://www.leboncoin.fr/voitures/1182420995.htm?ca=12_s,Zoe,23900,10900,A prendre plus tard,zen
327,Pro Véhicules,2016,"Pantin 93500
                ",14664,NA,6400,https://www.leboncoin.fr/voitures/1182361545.htm?ca=12_s,Zoe,23900,12999,A prendre plus tard,zen
328,Pro Véhicules,2016,"Paris 75015
                ",12479,NA,100,https://www.leboncoin.fr/voitures/1138649404.htm?ca=12_s,Zoe,23900,11690,A prendre plus tard,zen
329,Pro Véhicules,2014,"Persan 95340
                ",10376,NA,20205,https://www.leboncoin.fr/voitures/1180933261.htm?ca=12_s,Zoe,23900,10490,A prendre plus tard,zen
330,Pro Véhicules,2016,"Chelles 77500
                ",11826,NA,1410,https://www.leboncoin.fr/voitures/1089980725.htm?ca=12_s,Zoe,22600,13990,A prendre plus tard,life
331,Pro Véhicules,2016,"Paris 75008
                ",12203,NA,15000,https://www.leboncoin.fr/voitures/1159162168.htm?ca=12_s,Zoe,24600,14100,A prendre plus tard,intens
332,Pro Véhicules,2014,"Arles 13200
                ",11772,NA,25333,https://www.leboncoin.fr/voitures/1307026601.htm?ca=21_s,Zoe,22600,9490,A prendre plus tard,life
333,Pro Véhicules,2016,"Vitrolles 13127
                ",11754,NA,7911,https://www.leboncoin.fr/voitures/1306026512.htm?ca=21_s,Zoe,22600,10990,A prendre plus tard,life
334,Pro Véhicules,2015,"Carpentras 84200
                ",10138,NA,820,https://www.leboncoin.fr/voitures/1167913928.htm?ca=21_s,Zoe,22600,10700,A prendre plus tard,life
335,Pro Véhicules,2015,"Cannes 06400
                ",12034,NA,16133,https://www.leboncoin.fr/voitures/1303278974.htm?ca=21_s,Zoe,24600,11590,A prendre plus tard,intens
336,Pro Véhicules,2014,"Cannes 06400
                ",10338,NA,27158,https://www.leboncoin.fr/voitures/1303279043.htm?ca=21_s,Zoe,23900,9390,A prendre plus tard,zen
337,Pro Véhicules,2014,"La Seyne-sur-Mer 83500
                ",9198,NA,51657,https://www.leboncoin.fr/voitures/1165215533.htm?ca=21_s,Zoe,23900,8900,A prendre plus tard,zen
338,Pro Véhicules,2016,"Vitrolles 13127
                ",11994,NA,7911,https://www.leboncoin.fr/voitures/1186627191.htm?ca=21_s,Zoe,22600,10990,A prendre plus tard,life
339,Pro Véhicules,2013,"Aubagne 13400
                ",8728,NA,41535,https://www.leboncoin.fr/voitures/1179055312.htm?ca=21_s,Zoe,23900,7500,A prendre plus tard,zen
340,Pro Véhicules,2016,"Vitrolles 13127
                ",12040,NA,5500,https://www.leboncoin.fr/voitures/1183135194.htm?ca=21_s,Zoe,22600,11999,A prendre plus tard,life
341,particulier,2013,"Ventabren 13122
                ",8284,NA,76000,https://www.leboncoin.fr/voitures/1183108008.htm?ca=21_s,Zoe,24600,7500,A prendre plus tard,intens
342,Pro Véhicules,2013,"Salon-de-Provence 13300
                ",8486,NA,57314,https://www.leboncoin.fr/voitures/1182375223.htm?ca=21_s,Zoe,23900,7900,A prendre plus tard,zen
343,Pro Véhicules,2015,"Bruges 33520
                ",10110,NA,6791,https://www.leboncoin.fr/voitures/1073147421.htm?ca=2_s,Zoe,22600,9490,A prendre plus tard,life
344,particulier,2015,"Bayonne 64100
                ",9234,NA,30000,https://www.leboncoin.fr/voitures/1186949629.htm?ca=2_s,Zoe,22600,14000,A prendre plus tard,life
345,Pro Véhicules,2016,"Mont-de-Marsan 40000
                ",11804,NA,5145,https://www.leboncoin.fr/voitures/1184970315.htm?ca=2_s,Zoe,22600,12989,A prendre plus tard,life
346,Pro Véhicules,2016,"Pessac 33600
                ",11830,NA,10,https://www.leboncoin.fr/voitures/1185361086.htm?ca=2_s,Zoe,22600,12990,A prendre plus tard,life
347,Pro Véhicules,2016,"Bruges 33520
                ",11819,NA,3000,https://www.leboncoin.fr/voitures/1110866374.htm?ca=2_s,Zoe,22600,13500,A prendre plus tard,life
348,Pro Véhicules,2015,"Bruges 33520
                ",9853,NA,17611,https://www.leboncoin.fr/voitures/1137265504.htm?ca=2_s,Zoe,22600,9500,A prendre plus tard,life
349,particulier,2016,"Gujan-Mestras 33470
                ",11025,NA,32000,https://www.leboncoin.fr/voitures/1182673574.htm?ca=2_s,Zoe,22600,9500,A prendre plus tard,life
350,particulier,2013,"Créon 33670
                ",8768,NA,46300,https://www.leboncoin.fr/voitures/1182279226.htm?ca=2_s,Zoe,23900,8200,A prendre plus tard,NA
